<?xml version="1.0" encoding="UTF-8"?>
<project-private xmlns="http://www.netbeans.org/ns/project-private/1">
    <editor-bookmarks xmlns="http://www.netbeans.org/ns/editor-bookmarks/2" lastBookmarkId="0"/>
    <open-files xmlns="http://www.netbeans.org/ns/projectui-open-files/2">
        <group>
            <file>file:/C:/Users/rfcla/OneDrive/Documents/NetBeansProjects/Bullseye/db/itemAccessor.php</file>
            <file>file:/C:/Users/rfcla/OneDrive/Documents/NetBeansProjects/Bullseye/db/auditAccessor.php</file>
            <file>file:/C:/Users/rfcla/OneDrive/Documents/NetBeansProjects/Bullseye/db/LocationAccessor.php</file>
            <file>file:/C:/Users/rfcla/OneDrive/Documents/NetBeansProjects/Bullseye/db/inventoryAccessor.php</file>
            <file>file:/C:/Users/rfcla/OneDrive/Documents/NetBeansProjects/Bullseye/db/ReportAccessor.php</file>
            <file>file:/C:/Users/rfcla/OneDrive/Documents/NetBeansProjects/Bullseye/db/UserAccessor.php</file>
            <file>file:/C:/Users/rfcla/OneDrive/Documents/NetBeansProjects/Bullseye/db/orderAccessor.php</file>
        </group>
    </open-files>
</project-private>
